dimension,n_walkers,expected_mh_acceptance,tvd_teleporting,tvd_hybrid,tvd_vanilla
1,2,0.135335,0.5001,0.5005,0.5464
2,4,0.018316,0.581,0.5782,0.5664
3,8,0.002479,0.5375,0.5437,0.5666
4,16,0.000335,0.5053,0.5008,0.5465
5,32,4.5e-05,0.4792,0.4794,0.546
6,64,6e-06,0.497,0.488,0.5461
7,128,1e-06,0.5775,0.5323,0.5467
